city,year,quarter,eur_per_sqm
Palma,2001,1,988.52
Palma,2001,2,1056.7
Palma,2001,3,1134.4
Palma,2001,4,1183.27
Palma,2002,1,1248.78
Palma,2002,2,1306.88
Palma,2002,3,1360.97
Palma,2002,4,1420.53
Palma,2003,1,1446.44
Palma,2003,2,1491.49
Palma,2003,3,1531.32
Palma,2003,4,1569.8
Palma,2004,1,1609.77
Palma,2004,2,1660.58
Palma,2004,3,1686.14
Palma,2004,4,1731.45
Palma,2005,1,1796.9
Palma,2005,2,1866.27
Palma,2005,3,1933.93
Palma,2005,4,1992.38
Palma,2006,1,2062.52
Palma,2006,2,2157.05
Palma,2006,3,2223.56
Palma,2006,4,2304.73
Palma,2007,1,2381.76
Palma,2007,2,2452.04
Palma,2007,3,2510.64
Palma,2007,4,2569.31
Palma,2008,1,2599.19
Palma,2008,2,2586.11
Palma,2008,3,2584.75
Palma,2008,4,2533.84
Palma,2009,1,2500.58
Palma,2009,2,2469.1
Palma,2009,3,2441.12
Palma,2009,4,2405.25
Palma,2010,1,2316.29
Palma,2010,2,2312.76
Palma,2010,3,2273.93
Palma,2010,4,2257.5
Palma,2011,1,2187.93
Palma,2011,2,2140.49
Palma,2011,3,2117.21
Palma,2011,4,2093.2
Palma,2012,1,2045.41
Palma,2012,2,2054.35
Palma,2012,3,1990.83
Palma,2012,4,1953.15
Palma,2013,1,1891.1
Palma,2013,2,1841.67
Palma,2013,3,1819.48
Palma,2013,4,1782.74
Palma,2014,1,1732.68
Palma,2014,2,1710.02
Palma,2014,3,1702.57
Palma,2014,4,1653.74
Palma,2015,1,1634.31
Palma,2015,2,1619.11
Palma,2015,3,1609.84
Palma,2015,4,1619.41
Palma,2016,1,1627.03
Palma,2016,2,1614.25
Palma,2016,3,1621.39
Palma,2016,4,1658.81
Palma,2017,1,1661.56
Palma,2017,2,1705.0
Palma,2017,3,1721.78
Palma,2017,4,1794.49
Palma,2018,1,1843.53
Palma,2018,2,1895.03
Palma,2018,3,1980.96
Palma,2018,4,2036.92
Palma,2019,1,2049.41
Palma,2019,2,2102.61
Palma,2019,3,2127.68
Palma,2019,4,2137.95
Palma,2020,1,2162.77
Palma,2020,2,2164.9
Palma,2020,3,2215.3
Palma,2020,4,2236.28
Palma,2021,1,2247.05
Palma,2021,2,2257.22
Palma,2021,3,2256.09
Palma,2021,4,2389.84
Palma,2022,1,2373.57
Palma,2022,2,2393.7
Palma,2022,3,2448.88
Palma,2022,4,2531.55
Palma,2023,1,2534.79
Palma,2023,2,2566.06
Palma,2023,3,2652.24
Palma,2023,4,2665.94
Palma,2024,1,2690.46
Palma,2024,2,2746.98
Palma,2024,3,2853.54
Palma,2024,4,2881.17
Palma,2025,1,3017.83
Palma,2025,2,3121.11
Palma,2025,3,3226.63
Palma,2025,4,3367.02
Palma,2026,1,3448.54
Palma,2026,2,3478.28
Mallorca,2001,1,1042.87
Mallorca,2001,2,1097.22
Mallorca,2001,3,1169.72
Mallorca,2001,4,1226.25
Mallorca,2002,1,1283.59
Mallorca,2002,2,1349.05
Mallorca,2002,3,1394.15
Mallorca,2002,4,1437.94
Mallorca,2003,1,1476.25
Mallorca,2003,2,1515.84
Mallorca,2003,3,1570.24
Mallorca,2003,4,1612.79
Mallorca,2004,1,1665.72
Mallorca,2004,2,1719.35
Mallorca,2004,3,1786.37
Mallorca,2004,4,1844.54
Mallorca,2005,1,1903.16
Mallorca,2005,2,1979.46
Mallorca,2005,3,2048.15
Mallorca,2005,4,2113.92
Mallorca,2006,1,2184.79
Mallorca,2006,2,2247.01
Mallorca,2006,3,2315.6
Mallorca,2006,4,2380.87
Mallorca,2007,1,2457.8
Mallorca,2007,2,2525.12
Mallorca,2007,3,2593.86
Mallorca,2007,4,2630.15
Mallorca,2008,1,2649.81
Mallorca,2008,2,2652.44
Mallorca,2008,3,2647.91
Mallorca,2008,4,2599.46
Mallorca,2009,1,2544.53
Mallorca,2009,2,2497.49
Mallorca,2009,3,2450.32
Mallorca,2009,4,2399.4
Mallorca,2010,1,2347.72
Mallorca,2010,2,2367.23
Mallorca,2010,3,2349.76
Mallorca,2010,4,2319.16
Mallorca,2011,1,2295.64
Mallorca,2011,2,2256.65
Mallorca,2011,3,2237.42
Mallorca,2011,4,2186.96
Mallorca,2012,1,2140.36
Mallorca,2012,2,2076.78
Mallorca,2012,3,1989.61
Mallorca,2012,4,2006.8
Mallorca,2013,1,1941.0
Mallorca,2013,2,1904.82
Mallorca,2013,3,1897.24
Mallorca,2013,4,1888.29
Mallorca,2014,1,1838.6
Mallorca,2014,2,1831.4
Mallorca,2014,3,1831.29
Mallorca,2014,4,1817.02
Mallorca,2015,1,1806.06
Mallorca,2015,2,1825.1
Mallorca,2015,3,1811.52
Mallorca,2015,4,1840.05
Mallorca,2016,1,1856.59
Mallorca,2016,2,1845.33
Mallorca,2016,3,1847.82
Mallorca,2016,4,1845.29
Mallorca,2017,1,1866.61
Mallorca,2017,2,1877.29
Mallorca,2017,3,1899.23
Mallorca,2017,4,1934.52
Mallorca,2018,1,1968.84
Mallorca,2018,2,1985.57
Mallorca,2018,3,2047.81
Mallorca,2018,4,2063.19
Mallorca,2019,1,2093.55
Mallorca,2019,2,2123.54
Mallorca,2019,3,2158.89
Mallorca,2019,4,2168.55
Mallorca,2020,1,2191.77
Mallorca,2020,2,2180.32
Mallorca,2020,3,2200.76
Mallorca,2020,4,2245.2
Mallorca,2021,1,2250.18
Mallorca,2021,2,2308.63
Mallorca,2021,3,2317.46
Mallorca,2021,4,2389.9
Mallorca,2022,1,2401.13
Mallorca,2022,2,2435.51
Mallorca,2022,3,2490.55
Mallorca,2022,4,2572.59
Mallorca,2023,1,2606.21
Mallorca,2023,2,2668.69
Mallorca,2023,3,2762.37
Mallorca,2023,4,2778.35
Mallorca,2024,1,2850.71
Mallorca,2024,2,2910.46
Mallorca,2024,3,3038.33
Mallorca,2024,4,3127.91
Mallorca,2025,1,3240.82
Mallorca,2025,2,3317.24
Mallorca,2025,3,3397.31
Mallorca,2025,4,3604.38
Mallorca,2026,1,3740.68
Mallorca,2026,2,3790.09
